text,target
Welcome to Kroger Join our community Discord server,Kroger
/r/kroger Renovation,Kroger
This is fine.,Kroger
Thats just a fact,Kroger
When you just get to work and your boss immediately starts yelling at you,Kroger
"After waiting forever on the truck, I go on break and what do ya know..",Kroger
How do you feel about the people working in your department?,Kroger
The music is gone!!!,Kroger
interesting title,Kroger
TIRED OF THESE GOT DAMN REPLENISHMENT SCANS,Kroger
"Theoretical - Do as much damage as you can with your Self-Check barcode in 30 seconds, go",Kroger
was there money in the walls?,Kroger
You better believe it,Kroger
A customer verbally attacked me after I asked her if she needed help finding something,Kroger
I‚Äôm trying to have fun with it,Kroger
how many dairy employees do you have?,Kroger
ohio state fair,Kroger
How Lazy Are People These Days?üòß,Kroger
Salad bar lead position being removed?,Kroger
How to get adscans ahead of time?,Kroger
regularly being scheduled 8 days in a row,Kroger
Nice,Kroger
too real,Kroger
Most hardworking department?,Kroger
What is going on regarding kroger and customers that steal,Kroger
What departments can you go into when your 16,Kroger
So damn sick of berry sales.,Kroger
Does availability override seniority?,Kroger
For Anyone Who Is Interested: Top Of The Hour Songs,Kroger
How often can I call off without being fired?,Kroger
Customer First,Kroger
Who thought this was a good idea?,Kroger
Waste Integration and Best Practices,Kroger
Our customers can‚Äôt even take free posters off a table without fucking it up.,Kroger
Our self checkouts sing now,Kroger
Who needs protein anyway?,Kroger
???,Kroger
A silver lining,Kroger
"Two weeks notice is in, not going to miss those customers",Kroger
Clicklist,Kroger
Over complication of simple tasks is the Kroger way,Kroger
Why you shouldn't date in the work place: my physically painful second hand embarassment,Kroger
People lowest on seniority get the SHITTIEST shifts!!,Kroger
Customers be like ‚ÄúCan I still get stuff?‚Äù and dig under the plastic,Kroger
Rehiring,Kroger
Sigh...,Kroger
Northwest Cherries,Kroger
Low Battery Baymax Sound,Kroger
New to cashier/retail- questions,Kroger
CBD is coming,Kroger
Who‚Äôs ready to sell some ice cream this weekend?,Kroger
Contact you ever fart in the aisle or in your department while working?,Kroger
"This especially for front end workers, but any other department employees feel free to answer: You ever her paged while having ‚Äúpoop problems‚Äù?",Kroger
Job fair at kroger Tomorrow and then an interview at walmart? Which store is better work at?,Kroger
a friend and a boy,Kroger
For real though.,Kroger
"Still open Kroger in Wellston, Ohio",Kroger
What Customers Y'all Hate Dealing With The Most?,Kroger
Anyone else work at the Starbucks in Kroger?,Kroger
On the set of toy story five,Kroger
Interview for overnight stock?,Kroger
Been here for 3 years,Kroger
kroger pay,Kroger
"Shit post I swear, the first Pick up customer I get today that says ""oh how awful it must be for you to be out in this HEAT!!...",Kroger
Does anyone else not get payed their full amount of hours sometimes? I haven‚Äôt gotten payed for a couple shifts.,Kroger
Anyone know what it's like to be a wine steward?,Kroger
Just saw this,Kroger
Produce: when does your department decide to clean the mold out of your bagged salad case?,Kroger
Where do I go to in FEED to set up a direct deposit and can I do it from home?,Kroger
"Halloween in July, why?",Kroger
Not taking Visa Credit is going to drive me insane,Kroger
Being moved to Utility,Kroger
Great start to the morning.,Kroger
May the odds be in your favor,Kroger
Handling Racist Customers,Kroger
Harris Teeter/Kroger Question(s),Kroger
Kroger's job hiring process sucks.,Kroger
Mariano's hiring event?,Kroger
"What do you do if you work at Kroger, making $1,000 most a month (but usually less) you haven‚Äôt gotten your driver license yet, and your psychopath step dad divorces your mom and your mom can‚Äôt even afford to take care of your sister? Is the best solution to pick a warm place to be homeless?",Kroger
Anyone work at Kroger AND somewhere else? How does it affect your scheduling?,Kroger
How do you guys enjoy your jobs?,Kroger
"Leaky ceiling over one of the machines, I was told not to take any chances.",Kroger
"""What happened last night??""",Kroger
Received a present from a customer at fuel,Kroger
Anyone have any ‚Äúgreat‚Äù Drug-GM stories?,Kroger
When Ecolab pay an early visit...,Kroger
I might as well,Kroger
Received a paycheck two weeks after quitting?,Kroger
dating your coworkers,Kroger
Thanks Peyton,Kroger
"Can I count on Kroger/management to report child abuse I witnessed, or do I need to call the police or CPS myself?",Kroger
Just curtesy clerk things üòéüòé,Kroger
Nice,Kroger
2319!,Kroger
Saw this in the employee bathroom,Kroger
Going to report an old drunk,Kroger
"So this was something that happened whilst I was on shift, was something truly that I never thought I would do.",Kroger
You guys want some ice crea-...,Kroger
Solidarity with Walmart Employees,Kroger
Relief pay for filling in for deli manager or backup manager?,Kroger
self checkout be like,Kroger
Help me choose,Kroger
can i get an f in the chat for inventory tonight?,Kroger
A vicious cycle,Kroger
#thirdshiftlife,Kroger
Covering a shift,Kroger
üôÉ,Kroger
It's that time of year again....,Kroger
Question since I am new,Kroger
#stockcrewlife,Kroger
Frozen and produce are on opposite sides of the store and this still happens,Kroger
Pulled this from the shelf today.....only the freshest produce at your neighborhood Kroger!,Kroger
My store manager upon learning Barry got upgraded to a cat 1 and our town is in it's direct path. (Still gotta show up Sunday.),Kroger
Not scheduled for a full month?,Kroger
Health insurance at kroger,Kroger
Kroger Delta Contract,Kroger
When you hit 30 IPM before the rest of your coworkers,Kroger
I suffer,Kroger
Top quality Kroger produce. Cut into it and it started foaming up. Smells like shit too.,Kroger
During the middle of a slow day,Kroger
This isnt kroger but i feel like its relatable,Kroger
Screwed me over and screwed over my vacation,Kroger
Rules to Live By,Kroger
Qfc associates,Kroger
Just venting (clicklist).,Kroger
"Thanks to hours being cut, I‚Äôm usually the only one in my department until after noon. I don‚Äôt have time to do Pickups ‚Äújob‚Äù for them while finishing truck, writing orders, conditioning, replenishing milk, eggs, other things that are more work than Pickup employees have ever done or will ever do",Kroger
Low hours,Kroger
"Shine a light, shine a light, shine a light Shine a light, shine a light Everywhere you go Shine a light, shine a light, shine a light Shine a light, shine a light Everyone you know Shine a light Shine a light",Kroger
Best department to work in?,Kroger
I just quit.,Kroger
Guy is gonna be super upset once that tare is applied,Kroger
¬Ø\_(„ÉÑ)_/¬Ø,Kroger
Got another deposit despite quitting two weeks ago?,Kroger
I need a little help..,Kroger
I call it the Ray Gun,Kroger
Calling in before 7 AM.....,Kroger
The fucking Stella-Rosa advertisement is really testing my patience,Kroger
"*team leads* ""it's so hot""",Kroger
Grand Re-Opening,Kroger
'Action Required' on my application,Kroger
The lack of training or guidance this company offers is shocking,Kroger
My time at a King Soopers (kroger) in Colorado,Kroger
As the last salary manager is leaving at 5pm,Kroger
Name Tags,Kroger
"So Kroger Associates, what‚Äôs is your worst U-Scan nightmare story that you have?",Kroger
Store walk time,Kroger
Yes. Thanks for approving the time off I never requested,Kroger
"When you accidentally find this sub, and realize you‚Äôre not alone in your awful job. And begin to see others doing the same thing. Have a good day fellow shitposting employees.",Kroger
Would anyone be interested in seeing my job life on instagram?,Kroger
"I finally found this subreddit four weeks before I quit this bullshit job, and now I can lay my final mark and tell my tale. To whoever is out there reading this, I wish you good luck for the rest of your time at Kroger...",Kroger
When you're clearly off shift (apron off and hat backwards) but a customer still stops you and asks for your help,Kroger
Before work,Kroger
"""Oh gosh this pallet is so heavy wtf""",Kroger
Brendanial Made A Video On The Worst Customer Retail Jokes And #1 Almost Made Me Throw Up,Kroger
So we had a tiny flood today..,Kroger
"As a new courtesy clerk, how long would it take to rank up to cashier?",Kroger
"Food Stamp Starter Pack (Fraudulent Coupons, Expensive Food, Discount Barcodes, Complains about Customer Service, Leaves Entire Cart Full of Perishable Groceries)",Kroger
"And here we have a photo of the first Kroger store on grand opening day in 1883 Cincinnati, OH (colorized)",Kroger
Fucking hate this,Kroger
$1.77 Rude Egg lady,Kroger
"""Security check, section red""",Kroger
Trash artist,Kroger
Anyone here work in the offices?,Kroger
Inventory Day!,Kroger
HR problems,Kroger
[Texas] Leaving the union,Kroger
Self-Checkout Attendant to English Translation,Kroger
When a customer says they‚Äôll bag it themselves,Kroger
Been working for this horrible company for 2.5 years....,Kroger
Found this in r/trashy. This is a Kroger store if I‚Äôm not mistaken,Kroger
Any grocery replenishment clerks here? Wanna see how you do it or any tips.,Kroger
Sick days for courtesy?,Kroger
"A bit different, fashion tips anyone?",Kroger
"Oh, we all have a boss. For *cough* no store in particular *cough cough* it may be Satan. But that‚Äôs none of my business.",Kroger
Seems this way,Kroger
Something something no more lost back door key...,Kroger
U-Scan ‚ÄúShopper Speed‚Äù Mode,Kroger
Promotion issues,Kroger
Writing a Statement,Kroger
Union Rules and Closing?,Kroger
Dan the Dairyman,Kroger
Every Night I Swear this Happens,Kroger
I'm so proud of our side lot customers :'),Kroger
"Any Assistant Co Managers here? If so, can y'all share if this is a job worth pursuing?",Kroger
The sad thing is that it‚Äôs true. Damn you Facebook ads,Kroger
I have worked at Kroger for nearly six years and make 11.60,Kroger
fr tho,Kroger
I work at a fuel center and this is a daily struggle,Kroger
"Customer put this on my salad cart so I took this picture, from the same spot I found the tomato, to show how lazy customers will be",Kroger
Don‚Äôt even care,Kroger
What store do you guys work at?,Kroger
It‚Äôs like that sometimes,Kroger
"I, work, at Kroger!",Kroger
Absurdly cheap candy,Kroger
We have a discount Zucc cardboard cutout,Kroger
mOrE wAyS tO sAvE!!!1,Kroger
Scheduled 6 days/48 Hours,Kroger
Is anyone still doing hour long carts?,Kroger
Then don't give us the option to fucking sub something,Kroger
Whats kroger's policy with short term disability,Kroger
a rap i made for all you front end workers..,Kroger
"A video a made a while back about working retail. Specifically a bag boy -.- , I‚Äôm dropping part 2 this Sunday so I thought I‚Äôd share the first part to you guys.",Kroger
"A recent poll showed that ever since we stopped airing the Charmin ads, Asshole Shininess has plummeted by 77%",Kroger
Let me sing you the song of my people...,Kroger
Fred Meyer holiday pay?,Kroger
Transfurring to another state,Kroger
Does not print cheeks,Kroger
Attention Grocery!,Kroger
"incoming courtesy clerks, look forward to cleaning bathrooms bc i had to clean this",Kroger
Water refill out of order,Kroger
Every day,Kroger
We're probably going to red bag it at some point.,Kroger
Sick of Being Tormented by the Union and Treated Like a Number,Kroger
"Customer repeatedly searched ""cum"" on our self checkout machine",Kroger
What to do about shitty managers,Kroger
Am I obligated to call them back?,Kroger
A valid complaint about working conditions?,Kroger
Too true,Kroger
Louisville Division - Raises,Kroger
When you are conditioning and a customer walks up,Kroger
Kroger and time off,Kroger
Just waiting on Amazon to buy Kroger out so maybe get treated better than a piece of dirt for next 20 years.,Kroger
Spoiler: I'm several hours away from any Ralph's stores.,Kroger
Accepted for an Interview!,Kroger
Customer: Do you have any thinner cuts of T-bone? The T-Bone already:,Kroger
I don't keep individual files for individual customers.,Kroger
7 palettes for meat why,Kroger
"The delta division ""raise"" is actually about to fuck me and give me a pay CUT",Kroger
I quit on the spot and walked out in the middle of my shift,Kroger
Shareholders speak up. Rodney remains in denial.,Kroger
I hope this is okay to ask a question here. I have a masters degree but have zero common sense and I can‚Äôt figure out these 4X fuel points. How much of a card would I need to purchase? Any tips? I can‚Äôt even coupon because I get so nervous and confused. But we are traveling about 15 hours this week.,Kroger
When front end goes to the back to find something.,Kroger
Freddy Kroger. [OC].,Kroger
"The most irrational, delusional customer I‚Äôve seen yet.....",Kroger
"Does anyone know what Kroger is offering for new contract? I work at Smith's Food and Drug, we are hearing nightmares about what they are offering its employees.",Kroger
Mission Accomplished,Kroger
I left for one week and my store was trending.,Kroger
Holiday week OT,Kroger
Health Insurance,Kroger
"A customer complained about me and I had no idea it was coming, I don‚Äôt even know which customer it was.",Kroger
It said remove card so i paid right?,Kroger
customer service is our first priority,Kroger
Tips to improve IPM as much as possible? (and maintain it),Kroger
What days during this holiday week will actually be busy?,Kroger
What does it mean when they won't transfer your store manager?,Kroger
A showcase of the flawless attention to detail we've all come to expect from Kroger,Kroger
Hey... I didn‚Äôt give them permission to name their meals after me,Kroger
Paychecks this week,Kroger
Paycheck is short?,Kroger
My time in hell ( working for Kroger),Kroger
Has anybody else figured out how to make markdowns cheaper than the % off?,Kroger
Bored at fuel center.,Kroger
I thought I‚Äôd pass out today,Kroger
Question...Does tying your apron in the front make you look stupid or...,Kroger
4 for $10 Cokes,Kroger
New in the produce department,Kroger
People who write shitty orders (produce)(rant),Kroger
Department heads...how often have you been moved around?,Kroger
An angry rant.,Kroger
33 IPM?!,Kroger
Anyone else on here doing effective store walks yet? Opinions?,Kroger
Perpetually Understaffed Department,Kroger
Clicklist,Kroger
What are the general levels of seniority,Kroger
Ungrateful ass customer,Kroger
Gota love those jolly days in produce,Kroger
Alcoholics in the produce department be like,Kroger
"Ralph's employees, what is it about your contract that has caused 96% of union members to vote against it? Between this and King Soopers, I'm getting nervous about the upcoming contract renewal for Fry's.",Kroger
1 upvote 1 prayer for this lcart,Kroger
"Customers be like ""Is this all the broccoli you have?""",Kroger
does anyone elss just love resets?,Kroger
It‚Äôs the top of the hour. Please check your instock.,Kroger
How long does it take to replace an awful ad with at least a new awful ad?,Kroger
How Do I Know If I am Non-Rehireable at Kroger?,Kroger
No wonder the lobby has no carts,Kroger
Me when I find a pack of Trojans in the cereal aisle,Kroger
Cleaning this area for the first time. Finding ancient relics.,Kroger
"Okay, this is epic",Kroger
"security, code 12. sectiiiooooonnn... 85.",Kroger
Does anyone know more information about this,Kroger
Why do they have to be called Karens? Isn't there another name that is more fitting?,Kroger
"I wasn't scheduled at all last week, but I was asked to come in, however Tuesday I had one of those miss punch papers. Do I still get paid this week? It's usually on Thursday",Kroger
Evil cashier slanders me in front of customer!,Kroger
Which is worse?,Kroger
Does anyone work at the Kroger in pigeon forge? I'm thinking of transfering there.,Kroger
"Application status ""moved"" after in person interview??",Kroger
"QFC associates, what is your CURRENT hourly wage?",Kroger
What did you guys do after you applied online?,Kroger
FML we never have enough cashiers.,Kroger
Kroger Pay,Kroger
Maybe reconsider donating food to Kroger.,Kroger
Is kroger just awful at...,Kroger
"okay I've had four shifts so far, this is how much I can remember",Kroger
A few more deli gripes,Kroger
Me everytime,Kroger
Boy I sure do love being the baker.,Kroger
Boy I sure do love being working in the bakery. (Please kill me),Kroger
"personally, I too, love shitting",Kroger
Anyone find a way to make the aprons more comfortable without looking like a freak?,Kroger
Every time,Kroger
Have you ever had a day where you were so close to calling in?,Kroger
"I just watched management throw away a huge box of books because ""that's what they tell us to do"".. is this the norm at all stores? I'm pretty pissed about it, I know several places they could be dropped off and would be read/used. It really makes me rethink my work with this company",Kroger
What I think of everytime I hear the song Everybody Calls Me Sir,Kroger
What should I do?,Kroger
What‚Äôs the answer Albertsons training questions???,Kroger
a lot of the songs played at kroger are actually good songs,Kroger
Anyone know where these cherries are?,Kroger
I don‚Äôt think some people at my store have seen trash bags that come in extra large.,Kroger
Joys of working in Drug-GM,Kroger
"You don‚Äôt have to put em away, just don‚Äôt leave em in a parking space",Kroger
I stopped apologizing a long time ago...,Kroger
Strange Note made on My Schedule.,Kroger
When you haven‚Äôt worked your backstock in almost a month,Kroger
When Wheatley takes over Pickup,Kroger
Question about Northwest Cherries,Kroger
5 minutes after clocking in and hearing the Hefty radio ad,Kroger
When you‚Äôre as nice as can be to a customer but they still blow up on you,Kroger
where as this been all my life,Kroger
Me today,Kroger
I present to you the Pickup Tote Label Ball,Kroger
Anyone notice the bags are crap now?,Kroger
RIP Department Managers,Kroger
Customer horror stories,Kroger
Lazy (and threatening???) customers and carts,Kroger
One of the managers at my store to me that he's glad I started working with them,Kroger
Had my final punch today,Kroger
SCO: Do not remove bags from bagging area. Customers:,Kroger
eSchedule question,Kroger
Kroger Rewards Debit Card and associate Discount,Kroger
"Asked for more hours, got scheduled none the following week",Kroger
Broken key is a great way to start the day,Kroger
Time Off,Kroger
Idea,Kroger
Me went Ive had a Karen come through my line,Kroger
Kroger Atlanta employee dress code - has it changed recently?,Kroger
No fes for several months,Kroger
Kroger rockstar,Kroger
Like seriously? Is writing it all out easier than picking them on the site? Smh,Kroger
Patrolling the parking lot almost makes you wish for a nuclear winter,Kroger
Getting told off by an older man cause his math was wrong,Kroger
Forgot to ring up two coupons today,Kroger
I looked up and saw this,Kroger
found a cool tag from 2014. we dont sell it anymore but anyone know what it might have been?,Kroger
Literal Shit Post,Kroger
Do I need to sign a sheet of paper made by our cashier who thinks their in charge?,Kroger
When management finds out Ecolab is coming‚Äã,Kroger
I want to quit and I‚Äôve been here for 4 days,Kroger
Job application question,Kroger
It‚ÄôS cHeRrY pIcKiNg TiMe!,Kroger
The gems of clearance...,Kroger
CHERRIES!!!!,Kroger
How should I write my transfer letter?,Kroger
Clicklist name change,Kroger
The gems of clearance...,Kroger
Job application,Kroger
Here's a little somthing I feel my fellow Kroger comrades might find interesting.,Kroger
Larry David speaks for all of us.,Kroger
This guy speaks for us all..,Kroger
"Yes, this is a trash can.",Kroger
Anyone know this song that plays on Kroger radio?,Kroger
Put in my two weeks this past Sunday! But with how few hours they‚Äôre giving me I almost didn‚Äôt need to- my last day is a whole week early,Kroger
Bonus Checks,Kroger
Place to see internal transfer lists?,Kroger
Photo from when I was first hired (oct 2017) and I was tasked with cleaning under all aisles,Kroger
My store is getting visited by seemingly everyone from corporate for the past three weeks leading up to the Big Visit tomorrow...i just wanted to have a normal day today.,Kroger
the things people steal...,Kroger
On maintaining sanity when subjected to repetative advertisement.,Kroger
Now that‚Äôs my kind of fast alert,Kroger
My voice sounds gross bc I‚Äôm sick... sick of this SHIT.,Kroger
Co manager,Kroger
Get on my level!,Kroger
"Some people having trouble with the new uniforms, crossposted from r/funny",Kroger
Why the survey?,Kroger
New rule,Kroger
This is the one sub that likes me,Kroger
Damn imagine conditioning that entire isle just so she could get this pic,Kroger
Anyone know anything about the new Kroger wireless phones?,Kroger
Asking for more hours?,Kroger
I wonder if this is going to be true,Kroger
"As a second-year cashier at Kroger, I can say most food stamp customers look the same. It‚Äôs like I‚Äôve seen this lady come through my lane a million times.",Kroger
Dead end job,Kroger
Is it frowned upon to cut your hours for school?,Kroger
We‚Äôre holding up a shelf with cans,Kroger
Please. Shut. Up.,Kroger
Being moved out of Dairy and back to front end,Kroger
Seems about right,Kroger
I delivered this gem to store today. 5 cases of water holding up a grocery pallet.,Kroger
Most hated song on the Kroger radio/In-Store Audio Network?,Kroger
It is important to always use the right equipment for the job,Kroger
I played bitch lasagna in Kroger.,Kroger
Instacart backlash,Kroger
My last day,Kroger
How come there is no convenient place to put your basket after you use self checkout?,Kroger
An unpleasant surprise: A Peyton tote full of nothing but Peelers,Kroger
Is it normal for an asp to make schedules for departments?,Kroger
Transfer??,Kroger
Nothing says happy Father‚Äôs Day like the rib grill catching fire,Kroger
"Since you guys liked my chain, I thought I‚Äôd show you the longest chain of bag ties I‚Äôve ever done!",Kroger
Guy taking video,Kroger
Dairy department people,Kroger
Who here is from union Kroger 454?,Kroger
We may need a bigger back room,Kroger
Has anyone else been selected to go to the car giveaway?,Kroger
"Don‚Äôt see much about Dillons here, but definitely not exempt from the occasional warehouse mishap üôÉ #REPRESENT",Kroger
My district is having a vote to strike very soon. What to expect?,Kroger
A chain I made during closing. What do you guys think? (it‚Äôs made of pieces of bags and stickers),Kroger
Worst hours you‚Äôve ever been scheduled/asked to work?,Kroger
"At Kroger, Our Purpose is to Feed the Human Spirit‚Ñ¢. We do that through Our Promise to be friendly and caring, provide everything fresh, to uplift every way, and improve every day.",Kroger
Anybody have a link to the Charmin Ultrastrong ad?,Kroger
"Am I likely to be fired, or at least written up for being 13 minutes late today?",Kroger
"So uh, what the fuck is Kroger Wireless?!",Kroger
How to anonymously report someone for doing drugs?,Kroger
Really wanting to quit after this... (service desk),Kroger
"Wait, that‚Äôs illegal",Kroger
Close enough...,Kroger
"On behalf of Kroger and local law enforcement,",Kroger
Service hub,Kroger
Self Checkout Story Time,Kroger
I just quit,Kroger
New employee PSA,Kroger
Attendance,Kroger
"Fellow front end employees, what do you do to pass time at the checkout lanes during quiet hours?",Kroger
Regular customers I'd love to dropkick,Kroger
Self Checkout fun,Kroger
I don't think many would get this,Kroger
Stores that don't have clicklist yet?,Kroger
Worst stocking ever??,Kroger
*minor inconvenience happens* customer:,Kroger
max days workable in a row?,Kroger
Final Sharing Success Bonus Check,Kroger
Pay Cycle,Kroger
I‚Äôve been building this playlist for several years cause finding all the obscure songs gives me something fun to think about at work. Sorry the charmin shiny song isn‚Äôt on Spotify :(,Kroger
"Complied with a memo, lost my healthcare incentive bonus anyway.",Kroger
SO CHARMIN SHINY DAMNIT!!!,Kroger
Courtesy clerks let‚Äôs list things that annoy the. #%*¬• out of us. (People in other departments feel free to also contribute),Kroger
How do I receive smoked meat order,Kroger
We have to fill these out because a customer complained.,Kroger
When the warehouse scratches an item and a customer gets mad because you don‚Äôt have it,Kroger
What Should I Do?,Kroger
Lady talks on phone entire transaction: my problem apparently,Kroger
Kroger Radio: 103 Songs and Counting,Kroger
Gotta get some big neon pink over-ear headphones for this one,Kroger
What do you see the future of front end being like?,Kroger
"Hey, im a 15 year old looking for a summer job and I just have a couple questions about applying to a QFC close by me.",Kroger
How you know it‚Äôs summertime,Kroger
"Someone at my store has been playing a sick joke I think. There is a quarter beneath every urinal, in a puddle of urine and god knows what‚Äôs else.",Kroger
"To my Fuel people, why does everything having anything remotely to do with diesel fuel always covered in yellowish/black sludge?",Kroger
Fire,Kroger
Management keeps moving me,Kroger
Deli pet peeves,Kroger
"Current employee, just got an (unpaid) internship with news station as a reporter. Do I need to bring this up with HR/store management?",Kroger
Reporting a work hazard?,Kroger
Kroger interview,Kroger
Hmmmm.. (Customer survey response),Kroger
Some nice final moments of the day,Kroger
Don't ask us for details,Kroger
Mental health/drinking issue,Kroger
Did not know we sold STDs at Kroger,Kroger
Do you feel confident your position will exist in five years?,Kroger
Grocery clerk?,Kroger
Anyone know how to switch and pair the handscanners?,Kroger
This is a new one,Kroger
"Yes, don‚Äôt print the barcode will you.",Kroger
Does a Background check for Kroger take 3 weeks?,Kroger
Why'd they hire me if they knew my hours beforehand??,Kroger
"Attention Employees: Announcing /r/shelflife, a subreddit for grocery workers of all companies",Kroger
The joys of working in deli pt. 4738292,Kroger
Hour cut?!,Kroger
Everyone on the same channel?,Kroger
Coworker accuses multiple courtesy clerks of stealing when he was the one stealing,Kroger
"Glad management posted this evacuation diagram, I was planning to just cower under the back desk as the flames consuned the Fuel Kiosk. Whew!",Kroger
Scam Warning,Kroger
byebye kroger,Kroger
Unveiling of r/clicklist,Kroger
Found a ladybug while working the salads...Now that's commitment to freshness,Kroger
I have never seen an eggplant this massive,Kroger
New kind of mangos,Kroger
"""You can put my groceries in the very back""",Kroger
Dear Deli Customers...,Kroger
Please press the hangup button after making announcements,Kroger
I feel like I should make more than $8.50 as a pharmacy tech.,Kroger
"ever since my store changed bag types, these lil things have been the bane of my existence",Kroger
Is this normal? Was posted today.,Kroger
Manager nitpicking the new dress code?,Kroger
Just a sign by our cck countdown room,Kroger
Does Kroger drug test for a non salary promotion?,Kroger
Who Controls incoming inventory numbers?,Kroger
Our machines triple charged a customer and he's basically told too bad,Kroger
When a customer thinks an item is too expensive,Kroger
How to get floor time as a new hire,Kroger
Safety Lead probs,Kroger
Ladies and gents....a cherry pit on ginger root. Someone really stuck a CHERRY PIT on GINGER ROOT. I'm so mad,Kroger
Is there anyone here that actually enjoys their work/working for Kroger?,Kroger
The lemon man,Kroger
What positions should I be applying for in my preferences?,Kroger
How much control do you have over the hours you work?,Kroger
Short Rest Question,Kroger
Am I allowed to have water with me while working?,Kroger
Lows and hoes!!!,Kroger
how often does your store run completely out of bags?,Kroger
Best job at Kroger,Kroger
any advice for stepping down?,Kroger
The leader has not activated this conference,Kroger
Drug testing in district 16?,Kroger
As if I didn‚Äôt know,Kroger
Shoutout to all my fellow produce managers and clerks,Kroger
The warehouse guys and gals are really gifted...,Kroger
"The ""FRAGILE"" label on the side was apparently ignored",Kroger
"Ended up being alone in floral today, despite not really being trained in floral...",Kroger
"If you don't complain about warehouse at least once a week, then do you really work for Kroger?",Kroger
I seen someone‚Äôs freezer that looked decent on this sub if only ours look like theirs. üòÇ,Kroger
I worked some frozen stuff recently as a Clicklist employee. I didn‚Äôt sign up for this.,Kroger
Can anyone help me find the name of a song that plays in my store?,Kroger
My freezer most nights,Kroger
Soft Drink Policy: Customer vs. Reseller,Kroger
Do any other deli people call the fry filter gunk peanut butter?,Kroger
How it feels bringing in an electric cart during the summer,Kroger
Not exactly the chocolate surprise I expected when on utility today,Kroger
HR manager told all my new coworkers that I‚Äôm transgender (despite me never even hinting at it),Kroger
"I keep adjusting my resignation date, day by day.",Kroger
"Switching over to Drug/GM, what can i expect?",Kroger
Store is removing checklanes and expanding SCO,Kroger
Can kroger switch me to a different department without my approval?,Kroger
Found this interesting gem at work today.,Kroger
Job Application,Kroger
Another union question,Kroger
So I'm racist now. Because coupons,Kroger
When there's only one bagger on a Saturday evening -_-,Kroger
Upvote cuz mods are asleep üòà,Kroger
Has anyone tried this bad boy?,Kroger
Mutant bags have a handle!,Kroger
Pretty much what should be done with shoplifters and shitty customers.,Kroger
"Deli cooks, make sure to check your jibs.",Kroger
Rant to me about your Kroger experience!,Kroger
"Can you get fired for ONE NCNS, if you‚Äôre past your 90 day probation period?",Kroger
paycheck never arrived in mail?,Kroger
Only the best!,Kroger
Started two days ago. It's been hell,Kroger
Only 8 hours between shifts???,Kroger
What is the current policy on giving out ad prices over the phone to customers?,Kroger
Security check in section B please,Kroger
Peak Kroger Effeciency,Kroger
Fuel centers and the president's club,Kroger
:3,Kroger
Link to see schedule,Kroger
"New associate, have a question about lunch break policy",Kroger
So what was the point of moving everything to FEED of it barely works?,Kroger
Can I get a Kroger job without my ID?,Kroger
"this is a cool story about a guy who works at fred meyers, a pnw store owned by kroger",Kroger
Sharing Success Payout going away?,Kroger
Any tips for improving in my department?,Kroger
Petition against new dress code policy?,Kroger
"When you're halfway/all the way through bagging a customer's items and they suddenly say ""Oh I brought my own re-usable bags!""",Kroger
Question!,Kroger
Insurance / benefits ?,Kroger
Does Kroger drug test and what kind of drug test is it?,Kroger
I work at a store a good hour from here but still thought it was interesting,Kroger
What do you do for phone calls on lunch?,Kroger
FINALLY DID IT!!,Kroger
Newly hired as part Time. Starting to get full time hours. Need advice on talking to my manger about it.,Kroger
Itty bitty brussel sprouts anyone? (Its smaller than a quarter),Kroger
"Come in most nights for the closing USCAN shift, and this is what the guy before me leaves behind on the regular",Kroger
BACKROOM!!?,Kroger
Sorry...,Kroger
Help finding name of discontinued snack,Kroger
Problem with management,Kroger
You had one job!,Kroger
Waiving right to holiday OT,Kroger
Kroger wont fix broken shit,Kroger
NOOOOOOOOOOO! YOU CAN'T HAVE MY 10% OFF STORE BRAND ITEMS,Kroger
Because that's totally where basil goes.,Kroger
I absolutely love this song!! Thank you in store audio network!,Kroger
"A rather unsettling Bart Simpson cheese display (A phrase I never thought I‚Äôd write) at Kroger in Urbana, Ohio (Progressive Grocer, June 1991)",Kroger
Red Chevy boxes in Jeep by parking behind it in the middle of the street (yellow doodle is the parking line),Kroger
:whistles the stupid whistling song and walks away:,Kroger
Employees who work customer service desk,Kroger
Kroger manager dating merchandiser?,Kroger
Problem store?,Kroger
Week record is now like 720ish but I have this picture from when it was a cooler number,Kroger
Management trainee,Kroger
How did this happen!?,Kroger
"For the first time last night, it wasn‚Äôt cilantro",Kroger
CLICKLIST QUESTION! Is it true we can now remove subs from the system if we find a fill and iur percentage will go back up?,Kroger
Finally put my two weeks in!!!,Kroger
Fuel center life be like,Kroger
When they send me outside to collect carts with temperatures higher than 72¬∞F,Kroger
What department are y‚Äôall?,Kroger
Two Lanes only?,Kroger
Fuck that charmin ad,Kroger
Clicklist do you have to deal with people from other departments being shitty towards you and other clicklist employees?,Kroger
we love taking pics with our customers!!!,Kroger
Boss got everyone some free banana pudding!,Kroger
anyone else fucking hate the boxes for filters? anyone? anyo,Kroger
How do some items in the store end up as ‚Äúitem not found‚Äù?,Kroger
Dress code involving shorts?,Kroger
Bite my Charmin shiny ass.,Kroger
You got that right.,Kroger
Amusing moment earlier today...,Kroger
"I mean, I knew Disney owned everything, but our apples too? (I found a Minnie Mouse one too)",Kroger
Is it me or other departments really inconsiderate towards the front end?,Kroger
The joys of working in deli pt. ??????,Kroger
Bathroom stall has been out for maybe two months now and I find this on the sign this morning,Kroger
To My Clicklist homies:,Kroger
Question about joining the union...,Kroger
"ULTRA STRONG GIVES ME A CLEANER THAN AVERAGE HIENIE, SUPER SHINY",Kroger
Oh. Sounds about right.,Kroger
ClickList mPOS tablets,Kroger
It's cherry season!,Kroger
Uniform update?,Kroger
Forced out of deprtment,Kroger
Question about a write up,Kroger
New uniform = all my clothing purchases are tax write offs now :) Save your receipts.,Kroger
"Cleaning the drawers at work, I found this!",Kroger
ACSM starting tips??,Kroger
I hate Kroger,Kroger
‚ÄúAll I want for Christmas is new wheels on our garbage cans‚Äù,Kroger
Just why?!,Kroger
A lovely daaaaaaaaa (lovin' it) aaaaaaaaaaaaa (lovin' it) aaaaaaaaaaaaa (lovin' it) aaaaaaaaaaaaa (lovin' it) aaaaaaaaaaaaa (lovin' it) aaaaaayyyyy,Kroger
It was nice knowing you guys. I wish you all the best of luck with your future and you will be missed,Kroger
Retail in a nutshell,Kroger
Shoplifters are getting entitled.,Kroger
"If you‚Äôre having a bad day, at least it‚Äôs not this bad",Kroger
Oh boy! And I thought it was bad earlier....,Kroger
Watermelon split perfectly.,Kroger
Seriously,Kroger
Tuition reimbursement,Kroger
My first two shifts in deli,Kroger
"Yeah the fuel center store pick cubby is exactly where you should leave all this. Thanks guys, as a fuel center employee this certainly doesn‚Äôt literally make me feel like the stores trash can....",Kroger
A place for customers to put cherry pits when they taste the cherries they want to buy.,Kroger
Wtf is up with the supervisor?,Kroger
I‚Äôm being suspended for something that could have been prevented by my supervisors.,Kroger
"My boss ignores availability change requests, and ignores availability when writing the schedule.",Kroger
"We close at midnight, which means 1130 is the perfect time to go grocery shopping.",Kroger
Marie Callenders Frozen Pies only $3139.99! Right Store Right Price!,Kroger
OwO Waise the Woof!!!,Kroger
Managers,Kroger
"Applied a Month Ago, App still ""Under Review""",Kroger
help,Kroger
What‚Äôs with these supervisors?,Kroger
Factual Map of my Fuel Center (Reality vs Customer Layout),Kroger
J O E D I M A G G I O,Kroger
I never thought it would happen,Kroger
Managers find the jingle annoying too,Kroger
"When you block off your cart corrals east side because of wind, the customers lift the carts over the tape....",Kroger
My store stopped playing the Charmin ad,Kroger
Any other fuel centers basically have no radio?,Kroger
First day solo Clicklist/pickup,Kroger
Feed Your Future Requirements?,Kroger
Even at Graduation my heinie is charmin shiny,Kroger
Associate deals,Kroger
No Uniforms?!?!,Kroger
Pork stuffed mushroom caps,Kroger
Question about leave of absence that nobody in my store knows the answer to.,Kroger
I get this question entirely too often lmao.,Kroger
kroger_irl,Kroger
How everyone working in my store felt when bad weather left us with only a few customers allowing us to stock/condition in peace,Kroger
New Kroger uniforms,Kroger
"when you‚Äôre one of two people that work the closing USCAN shift, and you hear the other called off",Kroger
So I was pleasantly surprised,Kroger
It‚Äôs graduation this weekend and I was stuck in deli 8-4:30 today.,Kroger
Shout-out to our foreman for not paying attention to FAST alerts and getting our dairy and meat products frozen solid.,Kroger
Sceduler won't give me hours.,Kroger
CURIOSITY,Kroger
Every day after work,Kroger
Best feeling ever. üôÉ My requests from 2018-2019 lol all just one day each.,Kroger
Bakery department removed from feedback survey?,Kroger
creepy coworker yay!,Kroger
Hours Still SUCK for Courtesy Clerks???,Kroger
"Footage of me asking my supervisor why there are three different schedules and why they say to only trust the one on the wall and ignore the online one, their reaction is too much for me to take......",Kroger
This is all I think of with the constant charmin ads,Kroger
When I see someone go out without a safety vest and then they don‚Äôt break their totes down at car side.,Kroger
Stay classy Kroger. - Taken In Employee bathroom.,Kroger
"Yes, finally won it feeling super cool üòé lol who doesn't love free things",Kroger
Radio ad predictions,Kroger
"One thing I love about working fuel is when caterers and food trucks come through. Nice lady offered me a sample of her gormet ice, really good strawberry banana stuff:",Kroger
Literally everyone on a Monday morning or people who work at the counterüòÇ,Kroger
Karen: excuse me do you know where-,Kroger
Another Horrendous day in Fuel,Kroger
What happened here?,Kroger
Any distribution center employees in Phoenix? Interview tomorrow,Kroger
WIC and LandLord voucher things,Kroger
Kroger Free Fridays,Kroger
When the baler hasn‚Äôt worked in almost a month,Kroger
Pay question,Kroger
This guy gets it!,Kroger
So Charmin- Shiny,Kroger
Any other bakers here? Your experiences?,Kroger
Floral Lead Salary? Any input appreciated!,Kroger
"Just got back from college and noticed Our store added a bunch of loss prevention stuff/policies, what Happened?",Kroger
Can you pay the union a small fee to keep union longevity or did they do a way with that?,Kroger
Going under remodel and manager just stands and points.,Kroger
Just A Thought,Kroger
One of these things is not like the other,Kroger
Courtesy Clerks rise up,Kroger
1st Day on the floor training as a cashier,Kroger
Cashier says all baggers are worthless..,Kroger
He was off the clock..,Kroger
Dead Silence,Kroger
Did you guys know my heiney is so charmin shiny?,Kroger
Any tips on how to entertain myself on service desk?,Kroger
Another Day in Fuel,Kroger
Start my first day with Jay C on the 20th,Kroger
"I once made a customer cry and when I think about it now, I don‚Äôt feel bad at all.",Kroger
Every Time,Kroger
The joys of working in deli pt. 7,Kroger
Oof,Kroger
Is it buy one get one? The customer asks. With the answer staring them in the face.,Kroger
How hard is it to keep them nice and organized?! I mean seriously.,Kroger
Every weekend.,Kroger
"MFW its sunday, mothers day, theres only one person working with my in the meat dept in a large store, the morning crew left everything a mess, the other guy took an hour break and now i have to eat nasty kroger chicken on my break cuz chik fil a is closed.",Kroger
Yet another unrealistic service standard for employees,Kroger
It took over a week?!,Kroger
Some people...,Kroger
Try and get it out of your head this time!,Kroger
I saw a Deli Daily post on here several times‚Äîthought I‚Äôd give Fuel a shot.,Kroger
Anyone else having difficulty checking your Eschedule from home?,Kroger
The Other Obvious Meme,Kroger
"Just Started as a Cashier, very terrified",Kroger
The cantaloupe.,Kroger
The Obvious Meme,Kroger
See you next week,Kroger
Just hired; what should I expect,Kroger
It's my second week working and I don't know where everything is yet lol,Kroger
Your daily reminder,Kroger
"I probably look like an idiot now, certainly feel like one",Kroger
Wish people wouldn't drop their entire bags of trash at my fuel center...,Kroger
Add me to the list of CC‚Äôs leaving my store.,Kroger
Who else here loves hearing about shiny assholes every 10 minutes while surrounded by food,Kroger
Please not this month,Kroger
The joys of working in deli pt. 6,Kroger
Kroger Radio,Kroger
Grocery manager here been with the company for 13 years my age is 31. Does any other department heads fill like it stepping down just to do away with all the bullshit stress they put on you?,Kroger
Complaining customers,Kroger
"Help yourself to some samples, I guess. [Story in comments]",Kroger
What are some stories you have as a courtesy clerk? Good or bad?,Kroger
I want to hear your clicklist stories!,Kroger
Roundys division anyone?,Kroger
Fuel Center Tales,Kroger
Its like a cut scene from superstore.,Kroger
SO SHINY,Kroger
The joys of working in deli pt. 5,Kroger
Union question,Kroger
The stylized L and I in Click. I don't think they realized what word it makes Click look like.,Kroger
What stores are we allowed to work simultaneously while at Kroger,Kroger
Finally Received Our Mobile POS For Clicklist,Kroger
"Ah yes, the carrots",Kroger
What's the worst time you ever had to refuse service to a customer?,Kroger
Voluntary Termination?,Kroger
The joys of working in deli pt. 3,Kroger
Some highlights from my time in the deli,Kroger
Nestle lays off all Dsd employees.,Kroger
The joys of working in deli pt. 4,Kroger
I heard the Nashville Divisions contract is open for renegotiation. Possibility to bump everyone that‚Äôs not topped out to $11/h.,Kroger
Colorful peaches in the produce dept,Kroger
I‚Äôve literally seen my store manager make this face when someone said this to them,Kroger
You know working in Clicklist is bad when...,Kroger
This legitimately annoys me,Kroger
Yeaaaa,Kroger
The joys of working in deli pt. 2,Kroger
This ketchup has been sitting in our break room for the whole weekend and has been going down slowly each day.,Kroger
Welp,Kroger
Did Kroger change the site they post our work schedule on? It used to be greatpeople.me. I‚Äôm in Ohio.,Kroger
Tell us about your best manager,Kroger
Clocking out for breaks,Kroger
Once upon a time,Kroger
Vague annoyance while conditioning,Kroger
Pretty sure a woman called the cops on me recently,Kroger
Literally my biggest pet peeve.,Kroger
The joys of working in deli,Kroger
A customer told me We should wash some of the bananas,Kroger
Kroger's application process,Kroger
Been in retail for 3 years and finally had this happen today. Oh happy day,Kroger
Denied requested personal day off BS.,Kroger
repost probably,Kroger
Question about eschedule,Kroger
I would but...,Kroger
What's the policy on illness in the workplace?,Kroger
"Someone at my store dipped their apron in the toilet, prompting these.",Kroger
"When the CSRs are fucking about in the office, leaving you on your own in front end",Kroger
Now we know what they did with the money they saved from cutting hours in the stores.,Kroger
"If you‚Äôre in the Nashville division, these ratification meetings are a chance to vote for an $11 minimum wage",Kroger
A for effort,Kroger
What will happen to all of the cashiers and courtesy clerks with the self checkout expansion?,Kroger
Out in 70 degree weather there was a used diaper in a cart,Kroger
My hiney is so Charmin shiny,Kroger
How much do meat cutters make? They just built an awesome Kroger near me and I‚Äôm thinking about applying,Kroger
New aprons?,Kroger
"Is there any other divisions where they took away the required lunch, and eventually turned into no lunch for anyone? Or does Fry's just suck that much?",Kroger
come one guys :(,Kroger
Seriously...,Kroger
Laughs in Chandler Bing!!!,Kroger
"Ugh, hate the apron",Kroger
when you catch yourself singing along to kroger radio,Kroger
Plans for the Great Escape.,Kroger
Hey Kroger!,Kroger
How to become head clerk?,Kroger
I hate QFC with a burning passion,Kroger
Quitting,Kroger
Rip me,Kroger
Putting 2 weeks in,Kroger
Does anyone work at these fred meyers,Kroger
"I had to mark these down, And I lost all self-confidence.",Kroger
If union strikes how do we get paid?,Kroger
Work Jacket,Kroger
What is CFX?,Kroger
Any other baggers/checkers hate reusable bags?,Kroger
Wienermobile is coming!,Kroger
Coworker Petty Candy Theft,Kroger
Coworkers calling out/leaving early,Kroger
"Yes warehouse worker, someone will definitely buy this one!",Kroger
Union/Kroger law knowledge needed!,Kroger
New Customer Service Rep. (Guest Care) What to expect?,Kroger
You guys like my signature?,Kroger
Customer service desk workers w/ Western Union:,Kroger
New uniform,Kroger
"Last shift, gonna miss this place... only a little bit",Kroger
This was outside my Kroger,Kroger
Every time,Kroger
I'm sure the Performance Excellence Discussion will be any day now...,Kroger
Here we go again.,Kroger
Anywhere to use Kroger gift cards in washington dc?,Kroger
"Over 500 thrown away. So much for ‚Äú zero waste, zero hunger‚Äù",Kroger
Same store?,Kroger
Kroger Hiring Center phone number..no one available?,Kroger
AVAILABILITY &amp; HOURS issue...,Kroger
Oh what fun it is to work in produce,Kroger
MetLife leave of absence phone number?,Kroger
Glove Recommendations?,Kroger
Ooof..,Kroger
Seniority,Kroger
Anyone else's store short on front end supplies?,Kroger
CSP is annoying,Kroger
Going on leave,Kroger
My First day off is this weekend but next week?? I requested this Sunday off and they give me this bs. WTH?? is this even legal? I feel cheated because I understand Sunday isn't a business day.,Kroger
This little dude wanted a ride on the power jack,Kroger
How hard is it to move departments if you're a Combo Clerk or a Cashier?,Kroger
Produce Qualifications,Kroger
"Our Kroger is ripping out checkout lanes (leaving maybe four of them) and bringing in at least 6 more self checkouts, or Uscans, to the other side (like Wal-Mart), as a courtesy clerk, what should I expect in the next few days/next week?",Kroger
Murder-Suicide,Kroger
;),Kroger
Perfect parking,Kroger
Getting FEED to work,Kroger
Shoutout to my closing Courtesy Clerks üò§,Kroger
Kroger drug test,Kroger
"All of us baggers and cashiers who have hours cut or lose our job due to the expansion of Uscan, should bring baseball bats in and smash every last Uscan.",Kroger
Seniority and scheduling,Kroger
"Typical ""Fun"" Day at Clicklist",Kroger
Uscan Kroger heading into automation???,Kroger
We all have that ONE customer,Kroger
Kroger just let me go today!,Kroger
Meat screwup,Kroger
Bob Evans,Kroger
I think every department is this,Kroger
Switching Departments,Kroger
Holiday pay?,Kroger
Mount Yam,Kroger
When the manager asks me if I know who ate all the shredded cheese,Kroger
"""I don't know if you are in school right now..."" My availability is on the store schedule, look it up",Kroger
Why doesn‚Äôt Kroger raise their minimum wage in response to other retailers raising their own minimum wages?,Kroger
I don't know how much more obvious I can make this.,Kroger
How does one get trained as a pharmacist?,Kroger
Thoughts from an 18 y/o who just finished his last day here,Kroger
new dress code,Kroger
Supervisor does shady scheduling and puts me outside availability. Question about,Kroger
Personal day never gets used when I select it in esced.,Kroger
What‚Äôs the best way to get into Store Management?,Kroger
Have you ever been called to run a failing department at another store?,Kroger
Why do supervisors do this?,Kroger
"Asm couldn't even be bothered finishing the air quotes on the token of ""appreciation",Kroger
Is it a bad idea to quit when a district manager is in?,Kroger
It‚Äôs 8am...,Kroger
"Thanks, Obama",Kroger
When stuff doesn't scan,Kroger
Union meetings for peons?,Kroger
Pay raise questions,Kroger
"Scan, Bag, and Go",Kroger
Got a nice $55 lego set when it was market 75% off,Kroger
My store is broken,Kroger
Pepper Jack cheese for your next roofing project,Kroger
If you work in the meat department you feel pain when you see this,Kroger
"What is your hourly pay rate, and what position do you work?",Kroger
Do any of y‚Äôall watch Superstore?,Kroger
Dress code on hair colors?,Kroger
I wonder how critical of everything this person is in real life,Kroger
Any other dairy leads over this sale?,Kroger
Who do I make a complaint to about other departments not following the dress code?,Kroger
Who else is just about to leave Kroger?,Kroger
When I'm an often-used responder and someone from my department pages me on the intercom,Kroger
"How do you think Kroger specifically, would respond to a federal minimum wage raise to $15 an hour?",Kroger
Yum,Kroger
Question about the management program?,Kroger
Quick question about SCO...,Kroger
When I'm an often-used responder and someone from my department pages me on the intercom,Kroger
Customer survey comment from my store the other day. They‚Äôre starting to catch on to our priority to shame all customers.,Kroger
Mulch employee discount?,Kroger
"Managers promises more hours in Spring, still getting awful hours",Kroger
Does anyone on here like the new uniforms? I personally like them better than the polos.,Kroger
Regular vs Part Time Senority,Kroger
How to get tax forms online?,Kroger
They gave our front end sealed bags that were litteraly just unusable plastic rectangles,Kroger
How to properly get my vacation,Kroger
Where did they move the online schedule??,Kroger
Amazing savings only at Kroger,Kroger
Why is it so hard to call out?,Kroger
Slot machine sounds,Kroger
Happens at every retail job ever worked ever,Kroger
RIP Marsh,Kroger
Hot potato,Kroger
Does kroger get paid to hire retarded people,Kroger
This can came out of this box.,Kroger
Night Crew?,Kroger
Getting tired of all the bs.. (Long post warning),Kroger
Potential new employee,Kroger
Kroger National Anthem Ep:52,Kroger
Finally broke down,Kroger
I‚Äôm so tired,Kroger
FINALLY got my raise!,Kroger
My old department manager is trying to ban me from the store ??,Kroger
Trash Time,Kroger
"Like, why?",Kroger
I hate my co workers just because of the mess they leave in the break room,Kroger
I‚Äôll make sure I never fuck this up üòÇ,Kroger
Union help,Kroger
üé∂ BOB EVANS üéµ,Kroger
Any managers out there?,Kroger
Does anyone know how to pop these doors back in,Kroger
eSchedule moved to Feed,Kroger
"After over a year, I finally left ClickList/Pickup.",Kroger
ClickList be like,Kroger
So this is what happens to the free fruit now,Kroger
Have a good day ^_^,Kroger
Only the finest meats from Kroger,Kroger
FMLA,Kroger
Don‚Äôt think I can handle this place one more day.,Kroger
How to handle one manager who is a complete and total asshole?,Kroger
Some rules are meant to be broken,Kroger
Is unionizing worth it?,Kroger
The ‚Äúsacred drawing‚Äù on the inside of our break room,Kroger
"Wow, kroger and it‚Äôs backwards incompetencies..",Kroger
dairy gore,Kroger
"Lifelong customer here, just stumbled across this sub. Wow!",Kroger
when the store leader tells me i'm doing a good job,Kroger
Who else hates small carts?,Kroger
communication is key,Kroger
I may move Jobs soon,Kroger
Suspended pending Investigation over Literally Nothing...Seriously.,Kroger
Was threatened with legal action by customer over nothing.,Kroger
When you play a little to hard...,Kroger
Quitting/2 weeks,Kroger
What it is like to work at Kroger?,Kroger
Oh no please I insist,Kroger
Looks fixed to me ü§î,Kroger
"It's official, I am no longer a kroger employee",Kroger
"Here at Ralph's, WE STARVE THE HUMAN SPIRIT",Kroger
Story/question about management turnover.,Kroger
Really???,Kroger
Organic rainbow carrots they said,Kroger
What‚Äôs on your shopping list today? Bread? Milk? Eggs?,Kroger
Last day. Goodbye to breaking down the truck by myself.,Kroger
Asparagus Sales - How to properly prep everything?,Kroger
Thinking about leaving Walmart for Kroger,Kroger
We got a jokester in the produce debt,Kroger
Has anyone else‚Äôs kroger started mailing checks?,Kroger
Tomorrow is my last day working for kroger.,Kroger
Hey Kroger associates!,Kroger
Really? I gotta deal with the military on my job?,Kroger
Not receiving pay for missing time!,Kroger
how karen raises the kids,Kroger
3 different schedules?,Kroger
Priorities,Kroger
Me this week with only 16 hours scheduled,Kroger
So it begins...,Kroger
Pay Levels?,Kroger
Your opinion on pets in stores,Kroger
Every fucking week.,Kroger
Schedules,Kroger
find out where i can find my day that i work,Kroger
To the customer who complained about another customer's car seat clearence being so high after you two almost ran into eachother....,Kroger
My supervisor is really something else.,Kroger
Do all stores do things like this?,Kroger
11 years later,Kroger
Soda machines,Kroger
This is the organic people at Kroger,Kroger
Got in trouble because a dude walked out with a suspended order.,Kroger
Thoughts?,Kroger
Question,Kroger
Snow shovel? Check. Rock salt? Check...,Kroger
Does part time clicklist picker get paid more?,Kroger
I cancelled my Interview but the Automated system still emailed me like i had a interview today.,Kroger
I feel like these back to backs they keep giving me is actual human torture,Kroger
meüò≠irl,Kroger
Let‚Äôs Play: Spot the Bullshit,Kroger
I've got a interview and only now I'm seeing how bad it is to work here.,Kroger
